0.0,Aidan
0.0,Alessia
0.0,Alex
0.0,Ankara
0.0,Axis II
0.0,Barrett
0.0,Bennetti
0.0,Blake
0.0,Briarwood
0.0,Brielle
0.0,Bryn
0.0,Cavett
0.0,Clara
0.0,Cooper
0.0,Coronado
0.0,Davis
0.0,Declan
0.0,Dryden
0.0,Durham
0.0,Eclipse
0.0,Eiffel
0.0,Elsa
0.0,Elyse
0.0,Fiji
0.0,Finn
0.0,Garbo
0.0,Gia
0.0,Grafton
0.0,Grayson
0.0,Greer
0.0,Harborside
0.0,Hathaway
0.0,Infiniti
0.0,Jenny
0.0,Jourdan
0.0,Karnes
0.0,Keely
0.0,Lotus
0.0,Lounge II
0.0,Lounge II Petite
0.0,Lovebird
0.0,Luxe
0.0,Margot
0.0,Marlowe
0.0,Matisse
0.0,Metropole
0.0,Milo
0.0,Mimi
0.0,Montclair
0.0,Palapa
0.0,Patrice
0.0,Petrie
0.0,Pierce
0.0,Reston
0.0,Rhys
0.0,Rochelle
0.0,Royce
0.0,Rucola
0.0,Sebago
0.0,Seychelles
0.0,Sherwood
0.0,Stow
0.0,Studio
0.0,Syd
0.0,Sydney
0.0,Taj
0.0,Talia
0.0,Taraval
0.0,Torino
0.0,Trevor
0.0,Tux
0.0,Tyson
0.0,Verano
0.0,Willow
0.0,Wink
0.0,Zoey